{
    "k": [
        1,
        2,
        3,
        5,
        10
    ],
    "map_mean": [
        0.01450564304056267,
        0.027075543922061723,
        0.03734263094762961,
        0.05508623123168945,
        0.08326760232448578
    ],
    "map_std": [
        0.005743574734425903,
        0.014107225811758195,
        0.010402208540653476,
        0.013898771715515852,
        0.015856763672490025
    ],
    "map_50_mean": [
        0.03703691282620033,
        0.06389365841945012,
        0.08353753512104352,
        0.12110851754744847,
        0.1691116472085317
    ],
    "map_50_std": [
        0.013731712059851627,
        0.026898134128672174,
        0.01989232066994103,
        0.026116609239167612,
        0.028487502437434184
    ],
    "map_75_mean": [
        0.008797259093262256,
        0.01899067669486006,
        0.029126168135553597,
        0.04498740651955207,
        0.07656530489524206
    ],
    "map_75_std": [
        0.004797043541787739,
        0.013859506916735436,
        0.010442765324018622,
        0.015168404984351827,
        0.01950842270378188
    ]
}