{
    "k": [
        1,
        2,
        3,
        5,
        10
    ],
    "map_mean": [
        0.03291622915615638,
        0.06338566107054551,
        0.0958887635419766,
        0.14368131632606188,
        0.18922771513462067
    ],
    "map_std": [
        0.012778011045329662,
        0.018744647302116786,
        0.023669612413484677,
        0.014925943668011693,
        0.014688676482282538
    ],
    "map_50_mean": [
        0.08080559795101484,
        0.14711002260446548,
        0.2050814760227998,
        0.2809997568527857,
        0.34491192201773324
    ],
    "map_50_std": [
        0.025898756189762846,
        0.03489405085229757,
        0.04295854864467021,
        0.02757159903067121,
        0.024679014049409864
    ],
    "map_75_mean": [
        0.019591837485010425,
        0.04343993263319135,
        0.07531105217834314,
        0.13495863676071168,
        0.19178392042716344
    ],
    "map_75_std": [
        0.010808186048539748,
        0.0214782566771477,
        0.027012900616693137,
        0.017652013233700935,
        0.02039781930597481
    ]
}