{
    "k": [
        1,
        2,
        3,
        5,
        10
    ],
    "map_mean": [
        0.02835475488876303,
        0.050669166011114916,
        0.07780790875355402,
        0.1169305828710397,
        0.1588054378827413
    ],
    "map_std": [
        0.009362796350284464,
        0.012412884297769582,
        0.015385319009870738,
        0.014597132705159988,
        0.014994668435679086
    ],
    "map_50_mean": [
        0.07674187123775482,
        0.1320920983950297,
        0.19353394533197085,
        0.263653997083505,
        0.33552443186442055
    ],
    "map_50_std": [
        0.02299618625472705,
        0.027969680662382868,
        0.03230290141134572,
        0.025950362453585174,
        0.028170720598835984
    ],
    "map_75_mean": [
        0.013186495537714412,
        0.023956195171922445,
        0.045089759118855,
        0.08391014697651068,
        0.13229878172278403
    ],
    "map_75_std": [
        0.007202513876070036,
        0.009759425478432077,
        0.01765583830550435,
        0.01904566225640395,
        0.020015927991690358
    ]
}