{
    "k": [
        1,
        2,
        3,
        5,
        10
    ],
    "map_mean": [
        0.04971959702670574,
        0.0861469437678655,
        0.11158264502882957,
        0.15057709390918414,
        0.1994674786925316
    ],
    "map_std": [
        0.015082898469951785,
        0.013809704438342611,
        0.019703020463945446,
        0.016600444950951265,
        0.016227199927997194
    ],
    "map_50_mean": [
        0.11790921911597252,
        0.18535245656967164,
        0.23144250909487407,
        0.2861501584450404,
        0.3532457411289215
    ],
    "map_50_std": [
        0.031015581010050836,
        0.025931630238152332,
        0.034914508557364304,
        0.030422937122733838,
        0.02939491887037143
    ],
    "map_75_mean": [
        0.03273693571488063,
        0.06762440192202727,
        0.09470653260747591,
        0.14612450549999872,
        0.20778999080260593
    ],
    "map_75_std": [
        0.01545909733207199,
        0.019780549084126856,
        0.02624751941829434,
        0.02205937573637735,
        0.016842684115449476
    ]
}